psgc_int,adm4_en
1303901001,Barangay 1
1303901002,Barangay 2
1303901003,Barangay 3
1303901004,Barangay 4
1303901005,Barangay 5
1303901006,Barangay 6
1303901007,Barangay 7
1303901008,Barangay 8
1303901009,Barangay 9
1303901010,Barangay 10
1303901011,Barangay 11
1303901012,Barangay 12
1303901013,Barangay 13
1303901014,Barangay 14
1303901015,Barangay 15
1303901016,Barangay 16
1303901017,Barangay 17
1303901018,Barangay 18
1303901019,Barangay 19
1303901020,Barangay 20
1303901025,Barangay 25
1303901026,Barangay 26
1303901028,Barangay 28
1303901029,Barangay 29
1303901030,Barangay 30
1303901031,Barangay 31
1303901032,Barangay 32
1303901033,Barangay 33
1303901034,Barangay 34
1303901035,Barangay 35
1303901036,Barangay 36
1303901037,Barangay 37
1303901038,Barangay 38
1303901039,Barangay 39
1303901041,Barangay 41
1303901042,Barangay 42
1303901043,Barangay 43
1303901044,Barangay 44
1303901045,Barangay 45
1303901046,Barangay 46
1303901047,Barangay 47
1303901048,Barangay 48
1303901049,Barangay 49
1303901050,Barangay 50
1303901051,Barangay 51
1303901052,Barangay 52
1303901053,Barangay 53
1303901054,Barangay 54
1303901055,Barangay 55
1303901056,Barangay 56
1303901057,Barangay 57
1303901058,Barangay 58
1303901059,Barangay 59
1303901060,Barangay 60
1303901061,Barangay 61
1303901062,Barangay 62
1303901063,Barangay 63
1303901064,Barangay 64
1303901065,Barangay 65
1303901066,Barangay 66
1303901067,Barangay 67
1303901068,Barangay 68
1303901069,Barangay 69
1303901070,Barangay 70
1303901071,Barangay 71
1303901072,Barangay 72
1303901073,Barangay 73
1303901074,Barangay 74
1303901075,Barangay 75
1303901076,Barangay 76
1303901077,Barangay 77
1303901078,Barangay 78
1303901079,Barangay 79
1303901080,Barangay 80
1303901081,Barangay 81
1303901082,Barangay 82
1303901083,Barangay 83
1303901084,Barangay 84
1303901085,Barangay 85
1303901086,Barangay 86
1303901087,Barangay 87
1303901088,Barangay 88
1303901089,Barangay 89
1303901090,Barangay 90
1303901091,Barangay 91
1303901092,Barangay 92
1303901093,Barangay 93
1303901094,Barangay 94
1303901095,Barangay 95
1303901096,Barangay 96
1303901097,Barangay 97
1303901098,Barangay 98
1303901099,Barangay 99
1303901100,Barangay 100
1303901101,Barangay 101
1303901102,Barangay 102
1303901103,Barangay 103
1303901104,Barangay 104
1303901105,Barangay 105
1303901106,Barangay 106
1303901107,Barangay 107
1303901108,Barangay 108
1303901109,Barangay 109
1303901110,Barangay 110
1303901111,Barangay 111
1303901112,Barangay 112
1303901116,Barangay 116
1303901117,Barangay 117
1303901118,Barangay 118
1303901119,Barangay 119
1303901120,Barangay 120
1303901121,Barangay 121
1303901122,Barangay 122
1303901123,Barangay 123
1303901124,Barangay 124
1303901125,Barangay 125
1303901126,Barangay 126
1303901127,Barangay 127
1303901128,Barangay 128
1303901129,Barangay 129
1303901130,Barangay 130
1303901131,Barangay 131
1303901132,Barangay 132
1303901133,Barangay 133
1303901134,Barangay 134
1303901135,Barangay 135
1303901136,Barangay 136
1303901137,Barangay 137
1303901138,Barangay 138
1303901139,Barangay 139
1303901140,Barangay 140
1303901141,Barangay 141
1303901142,Barangay 142
1303901143,Barangay 143
1303901144,Barangay 144
1303901145,Barangay 145
1303901146,Barangay 146
1303901147,Barangay 147
1303901148,Barangay 148
1303901149,Barangay 149
1303901150,Barangay 150
1303901151,Barangay 151
1303901152,Barangay 152
1303901153,Barangay 153
1303901154,Barangay 154
1303901155,Barangay 155
1303901156,Barangay 156
1303901157,Barangay 157
1303901158,Barangay 158
1303901159,Barangay 159
1303901160,Barangay 160
1303901161,Barangay 161
1303901162,Barangay 162
1303901163,Barangay 163
1303901164,Barangay 164
1303901165,Barangay 165
1303901166,Barangay 166
1303901167,Barangay 167
1303901168,Barangay 168
1303901169,Barangay 169
1303901170,Barangay 170
1303901171,Barangay 171
1303901172,Barangay 172
1303901173,Barangay 173
1303901174,Barangay 174
1303901175,Barangay 175
1303901176,Barangay 176
1303901177,Barangay 177
1303901178,Barangay 178
1303901179,Barangay 179
1303901180,Barangay 180
1303901181,Barangay 181
1303901182,Barangay 182
1303901183,Barangay 183
1303901184,Barangay 184
1303901185,Barangay 185
1303901186,Barangay 186
1303901187,Barangay 187
1303901188,Barangay 188
1303901189,Barangay 189
1303901190,Barangay 190
1303901191,Barangay 191
1303901192,Barangay 192
1303901193,Barangay 193
1303901194,Barangay 194
1303901195,Barangay 195
1303901196,Barangay 196
1303901197,Barangay 197
1303901198,Barangay 198
1303901199,Barangay 199
1303901200,Barangay 200
1303901201,Barangay 201
1303901202,Barangay 202
1303901203,Barangay 203
1303901204,Barangay 204
1303901205,Barangay 205
1303901206,Barangay 206
1303901207,Barangay 207
1303901208,Barangay 208
1303901209,Barangay 209
1303901210,Barangay 210
1303901211,Barangay 211
1303901212,Barangay 212
1303901213,Barangay 213
1303901214,Barangay 214
1303901215,Barangay 215
1303901216,Barangay 216
1303901217,Barangay 217
1303901218,Barangay 218
1303901219,Barangay 219
1303901220,Barangay 220
1303901221,Barangay 221
1303901222,Barangay 222
1303901223,Barangay 223
1303901224,Barangay 224
1303901225,Barangay 225
1303901226,Barangay 226
1303901227,Barangay 227
1303901228,Barangay 228
1303901229,Barangay 229
1303901230,Barangay 230
1303901231,Barangay 231
1303901232,Barangay 232
1303901233,Barangay 233
1303901234,Barangay 234
1303901235,Barangay 235
1303901236,Barangay 236
1303901237,Barangay 237
1303901238,Barangay 238
1303901239,Barangay 239
1303901240,Barangay 240
1303901241,Barangay 241
1303901242,Barangay 242
1303901243,Barangay 243
1303901244,Barangay 244
1303901245,Barangay 245
1303901246,Barangay 246
1303901247,Barangay 247
1303901248,Barangay 248
1303901249,Barangay 249
1303901250,Barangay 250
1303901251,Barangay 251
1303901252,Barangay 252
1303901253,Barangay 253
1303901254,Barangay 254
1303901255,Barangay 255
1303901256,Barangay 256
1303901257,Barangay 257
1303901258,Barangay 258
1303901259,Barangay 259
1303901260,Barangay 260
1303901261,Barangay 261
1303901262,Barangay 262
1303901263,Barangay 263
1303901264,Barangay 264
1303901265,Barangay 265
1303901266,Barangay 266
1303901267,Barangay 267
1303901268,Barangay 268
1303901269,Barangay 269
1303901270,Barangay 270
1303901271,Barangay 271
1303901272,Barangay 272
1303901273,Barangay 273
1303901274,Barangay 274
1303901275,Barangay 275
1303901276,Barangay 276
1303901281,Barangay 281
1303901282,Barangay 282
1303901283,Barangay 283
1303901284,Barangay 284
1303901285,Barangay 285
1303901286,Barangay 286
1303901287,Barangay 287
1303901288,Barangay 288
1303901289,Barangay 289
1303901290,Barangay 290
1303901291,Barangay 291
1303901292,Barangay 292
1303901293,Barangay 293
1303901294,Barangay 294
1303901295,Barangay 295
1303901296,Barangay 296
1303901297,Barangay 297
1303901298,Barangay 298
1303901299,Barangay 299
1303901300,Barangay 300
1303901301,Barangay 301
1303901302,Barangay 302
1303901303,Barangay 303
1303901304,Barangay 304
1303901305,Barangay 305
1303901306,Barangay 306
1303901307,Barangay 307
1303901308,Barangay 308
1303901309,Barangay 309
1303901310,Barangay 310
1303901311,Barangay 311
1303901312,Barangay 312
1303901313,Barangay 313
1303901314,Barangay 314
1303901315,Barangay 315
1303901316,Barangay 316
1303901317,Barangay 317
1303901318,Barangay 318
1303901319,Barangay 319
1303901320,Barangay 320
1303901321,Barangay 321
1303901322,Barangay 322
1303901323,Barangay 323
1303901324,Barangay 324
1303901325,Barangay 325
1303901326,Barangay 326
1303901327,Barangay 327
1303901328,Barangay 328
1303901329,Barangay 329
1303901330,Barangay 330
1303901331,Barangay 331
1303901332,Barangay 332
1303901333,Barangay 333
1303901334,Barangay 334
1303901335,Barangay 335
1303901336,Barangay 336
1303901337,Barangay 337
1303901338,Barangay 338
1303901339,Barangay 339
1303901340,Barangay 340
1303901341,Barangay 341
1303901342,Barangay 342
1303901343,Barangay 343
1303901344,Barangay 344
1303901345,Barangay 345
1303901346,Barangay 346
1303901347,Barangay 347
1303901348,Barangay 348
1303901349,Barangay 349
1303901350,Barangay 350
1303901351,Barangay 351
1303901352,Barangay 352
1303901353,Barangay 353
1303901354,Barangay 354
1303901355,Barangay 355
1303901356,Barangay 356
1303901357,Barangay 357
1303901358,Barangay 358
1303901359,Barangay 359
1303901360,Barangay 360
1303901361,Barangay 361
1303901362,Barangay 362
1303901363,Barangay 363
1303901364,Barangay 364
1303901365,Barangay 365
1303901366,Barangay 366
1303901367,Barangay 367
1303901368,Barangay 368
1303901369,Barangay 369
1303901370,Barangay 370
1303901371,Barangay 371
1303901372,Barangay 372
1303901373,Barangay 373
1303901374,Barangay 374
1303901375,Barangay 375
1303901376,Barangay 376
1303901377,Barangay 377
1303901378,Barangay 378
1303901379,Barangay 379
1303901380,Barangay 380
1303901381,Barangay 381
1303901382,Barangay 382
1303901383,Barangay 383
1303901384,Barangay 384
1303901385,Barangay 385
1303901386,Barangay 386
1303901387,Barangay 387
1303901388,Barangay 388
1303901389,Barangay 389
1303901390,Barangay 390
1303901391,Barangay 391
1303901392,Barangay 392
1303901393,Barangay 393
1303901394,Barangay 394
1303901395,Barangay 395
1303901396,Barangay 396
1303901397,Barangay 397
1303901398,Barangay 398
1303901399,Barangay 399
1303901400,Barangay 400
1303901401,Barangay 401
1303901402,Barangay 402
1303901403,Barangay 403
1303901404,Barangay 404
1303901405,Barangay 405
1303901406,Barangay 406
1303901407,Barangay 407
1303901408,Barangay 408
1303901409,Barangay 409
1303901410,Barangay 410
1303901411,Barangay 411
1303901412,Barangay 412
1303901413,Barangay 413
1303901414,Barangay 414
1303901415,Barangay 415
1303901416,Barangay 416
1303901417,Barangay 417
1303901418,Barangay 418
1303901419,Barangay 419
1303901420,Barangay 420
1303901421,Barangay 421
1303901422,Barangay 422
1303901423,Barangay 423
1303901424,Barangay 424
1303901425,Barangay 425
1303901426,Barangay 426
1303901427,Barangay 427
1303901428,Barangay 428
1303901429,Barangay 429
1303901430,Barangay 430
1303901431,Barangay 431
1303901432,Barangay 432
1303901433,Barangay 433
1303901434,Barangay 434
1303901435,Barangay 435
1303901436,Barangay 436
1303901437,Barangay 437
1303901438,Barangay 438
1303901439,Barangay 439
1303901440,Barangay 440
1303901441,Barangay 441
1303901442,Barangay 442
1303901443,Barangay 443
1303901444,Barangay 444
1303901445,Barangay 445
1303901446,Barangay 446
1303901447,Barangay 447
1303901448,Barangay 448
1303901449,Barangay 449
1303901450,Barangay 450
1303901451,Barangay 451
1303901452,Barangay 452
1303901453,Barangay 453
1303901454,Barangay 454
1303901455,Barangay 455
1303901456,Barangay 456
1303901457,Barangay 457
1303901458,Barangay 458
1303901459,Barangay 459
1303901460,Barangay 460
1303901461,Barangay 461
1303901462,Barangay 462
1303901463,Barangay 463
1303901464,Barangay 464
1303901465,Barangay 465
1303901466,Barangay 466
1303901467,Barangay 467
1303901468,Barangay 468
1303901469,Barangay 469
1303901470,Barangay 470
1303901471,Barangay 471
1303901472,Barangay 472
1303901473,Barangay 473
1303901474,Barangay 474
1303901475,Barangay 475
1303901476,Barangay 476
1303901477,Barangay 477
1303901478,Barangay 478
1303901479,Barangay 479
1303901480,Barangay 480
1303901481,Barangay 481
1303901482,Barangay 482
1303901483,Barangay 483
1303901484,Barangay 484
1303901485,Barangay 485
1303901486,Barangay 486
1303901487,Barangay 487
1303901488,Barangay 488
1303901489,Barangay 489
1303901490,Barangay 490
1303901491,Barangay 491
1303901492,Barangay 492
1303901493,Barangay 493
1303901494,Barangay 494
1303901495,Barangay 495
1303901496,Barangay 496
1303901497,Barangay 497
1303901498,Barangay 498
1303901499,Barangay 499
1303901500,Barangay 500
1303901501,Barangay 501
1303901502,Barangay 502
1303901503,Barangay 503
1303901504,Barangay 504
1303901505,Barangay 505
1303901506,Barangay 506
1303901507,Barangay 507
1303901508,Barangay 508
1303901509,Barangay 509
1303901510,Barangay 510
1303901511,Barangay 511
1303901512,Barangay 512
1303901513,Barangay 513
1303901514,Barangay 514
1303901515,Barangay 515
1303901516,Barangay 516
1303901517,Barangay 517
1303901518,Barangay 518
1303901519,Barangay 519
1303901520,Barangay 520
1303901521,Barangay 521
1303901522,Barangay 522
1303901523,Barangay 523
1303901524,Barangay 524
1303901525,Barangay 525
1303901526,Barangay 526
1303901527,Barangay 527
1303901528,Barangay 528
1303901529,Barangay 529
1303901530,Barangay 530
1303901531,Barangay 531
1303901532,Barangay 532
1303901533,Barangay 533
1303901534,Barangay 534
1303901535,Barangay 535
1303901536,Barangay 536
1303901537,Barangay 537
1303901538,Barangay 538
1303901539,Barangay 539
1303901540,Barangay 540
1303901541,Barangay 541
1303901542,Barangay 542
1303901543,Barangay 543
1303901544,Barangay 544
1303901545,Barangay 545
1303901546,Barangay 546
1303901547,Barangay 547
1303901548,Barangay 548
1303901549,Barangay 549
1303901550,Barangay 550
1303901551,Barangay 551
1303901552,Barangay 552
1303901553,Barangay 553
1303901554,Barangay 554
1303901555,Barangay 555
1303901556,Barangay 556
1303901557,Barangay 557
1303901558,Barangay 558
1303901559,Barangay 559
1303901560,Barangay 560
1303901561,Barangay 561
1303901562,Barangay 562
1303901563,Barangay 563
1303901564,Barangay 564
1303901565,Barangay 565
1303901566,Barangay 566
1303901567,Barangay 567
1303901568,Barangay 568
1303901569,Barangay 569
1303901570,Barangay 570
1303901571,Barangay 571
1303901572,Barangay 572
1303901573,Barangay 573
1303901574,Barangay 574
1303901575,Barangay 575
1303901576,Barangay 576
1303901577,Barangay 577
1303901578,Barangay 578
1303901579,Barangay 579
1303901580,Barangay 580
1303901581,Barangay 581
1303901582,Barangay 582
1303901583,Barangay 583
1303901584,Barangay 584
1303901585,Barangay 585
1303901586,Barangay 586
1303901587,Barangay 587
1303901588,Barangay 588
1303901589,Barangay 589
1303901590,Barangay 590
1303901591,Barangay 591
1303901592,Barangay 592
1303901593,Barangay 593
1303901594,Barangay 594
1303901595,Barangay 595
1303901596,Barangay 596
1303901597,Barangay 597
1303901598,Barangay 598
1303901599,Barangay 599
1303901600,Barangay 600
1303901601,Barangay 601
1303901602,Barangay 602
1303901603,Barangay 603
1303901604,Barangay 604
1303901605,Barangay 605
1303901606,Barangay 606
1303901607,Barangay 607
1303901608,Barangay 608
1303901609,Barangay 609
1303901610,Barangay 610
1303901611,Barangay 611
1303901612,Barangay 612
1303901613,Barangay 613
1303901614,Barangay 614
1303901615,Barangay 615
1303901616,Barangay 616
1303901617,Barangay 617
1303901618,Barangay 618
1303901619,Barangay 619
1303901620,Barangay 620
1303901621,Barangay 621
1303901622,Barangay 622
1303901623,Barangay 623
1303901624,Barangay 624
1303901625,Barangay 625
1303901626,Barangay 626
1303901627,Barangay 627
1303901628,Barangay 628
1303901629,Barangay 629
1303901630,Barangay 630
1303901631,Barangay 631
1303901632,Barangay 632
1303901633,Barangay 633
1303901634,Barangay 634
1303901635,Barangay 635
1303901636,Barangay 636
1303901637,Barangay 637
1303901638,Barangay 638
1303901639,Barangay 639
1303901640,Barangay 640
1303901641,Barangay 641
1303901642,Barangay 642
1303901643,Barangay 643
1303901644,Barangay 644
1303901645,Barangay 645
1303901646,Barangay 646
1303901647,Barangay 647
1303901648,Barangay 648
1303901649,Barangay 649
1303901650,Barangay 650
1303901651,Barangay 651
1303901652,Barangay 652
1303901653,Barangay 653
1303901654,Barangay 654
1303901655,Barangay 655
1303901656,Barangay 656
1303901657,Barangay 657
1303901658,Barangay 658
1303901659,Barangay 659
1303901660,Barangay 660
1303901661,Barangay 661
1303901662,Barangay 662
1303901663,Barangay 663
1303901664,Barangay 664
1303901666,Barangay 666
1303901667,Barangay 667
1303901668,Barangay 668
1303901669,Barangay 669
1303901670,Barangay 670
1303901671,Barangay 671
1303901672,Barangay 672
1303901673,Barangay 673
1303901674,Barangay 674
1303901675,Barangay 675
1303901676,Barangay 676
1303901677,Barangay 677
1303901678,Barangay 678
1303901679,Barangay 679
1303901680,Barangay 680
1303901681,Barangay 681
1303901682,Barangay 682
1303901683,Barangay 683
1303901684,Barangay 684
1303901685,Barangay 685
1303901686,Barangay 686
1303901687,Barangay 687
1303901688,Barangay 688
1303901689,Barangay 689
1303901690,Barangay 690
1303901691,Barangay 691
1303901692,Barangay 692
1303901693,Barangay 693
1303901694,Barangay 694
1303901695,Barangay 695
1303901696,Barangay 696
1303901697,Barangay 697
1303901698,Barangay 698
1303901699,Barangay 699
1303901700,Barangay 700
1303901701,Barangay 701
1303901702,Barangay 702
1303901703,Barangay 703
1303901704,Barangay 704
1303901705,Barangay 705
1303901706,Barangay 706
1303901707,Barangay 707
1303901708,Barangay 708
1303901709,Barangay 709
1303901710,Barangay 710
1303901711,Barangay 711
1303901712,Barangay 712
1303901713,Barangay 713
1303901714,Barangay 714
1303901715,Barangay 715
1303901716,Barangay 716
1303901717,Barangay 717
1303901718,Barangay 718
1303901719,Barangay 719
1303901720,Barangay 720
1303901721,Barangay 721
1303901722,Barangay 722
1303901723,Barangay 723
1303901724,Barangay 724
1303901725,Barangay 725
1303901726,Barangay 726
1303901727,Barangay 727
1303901728,Barangay 728
1303901729,Barangay 729
1303901730,Barangay 730
1303901731,Barangay 731
1303901732,Barangay 732
1303901733,Barangay 733
1303901734,Barangay 734
1303901735,Barangay 735
1303901736,Barangay 736
1303901737,Barangay 737
1303901738,Barangay 738
1303901739,Barangay 739
1303901740,Barangay 740
1303901741,Barangay 741
1303901742,Barangay 742
1303901743,Barangay 743
1303901744,Barangay 744
1303901745,Barangay 745
1303901746,Barangay 746
1303901747,Barangay 747
1303901748,Barangay 748
1303901749,Barangay 749
1303901750,Barangay 750
1303901751,Barangay 751
1303901752,Barangay 752
1303901753,Barangay 753
1303901754,Barangay 754
1303901755,Barangay 755
1303901756,Barangay 756
1303901757,Barangay 757
1303901758,Barangay 758
1303901759,Barangay 759
1303901760,Barangay 760
1303901761,Barangay 761
1303901762,Barangay 762
1303901763,Barangay 763
1303901764,Barangay 764
1303901765,Barangay 765
1303901766,Barangay 766
1303901767,Barangay 767
1303901768,Barangay 768
1303901769,Barangay 769
1303901770,Barangay 770
1303901771,Barangay 771
1303901772,Barangay 772
1303901773,Barangay 773
1303901774,Barangay 774
1303901775,Barangay 775
1303901776,Barangay 776
1303901777,Barangay 777
1303901778,Barangay 778
1303901779,Barangay 779
1303901780,Barangay 780
1303901781,Barangay 781
1303901782,Barangay 782
1303901783,Barangay 783
1303901784,Barangay 784
1303901785,Barangay 785
1303901786,Barangay 786
1303901787,Barangay 787
1303901788,Barangay 788
1303901789,Barangay 789
1303901790,Barangay 790
1303901791,Barangay 791
1303901792,Barangay 792
1303901793,Barangay 793
1303901794,Barangay 794
1303901795,Barangay 795
1303901796,Barangay 796
1303901797,Barangay 797
1303901798,Barangay 798
1303901799,Barangay 799
1303901800,Barangay 800
1303901801,Barangay 801
1303901802,Barangay 802
1303901803,Barangay 803
1303901804,Barangay 804
1303901805,Barangay 805
1303901806,Barangay 806
1303901807,Barangay 807
1303901808,Barangay 808
1303901809,Barangay 809
1303901810,Barangay 810
1303901811,Barangay 811
1303901812,Barangay 812
1303901813,Barangay 813
1303901814,Barangay 814
1303901815,Barangay 815
1303901816,Barangay 816
1303901817,Barangay 817
1303901818,Barangay 818
1303901819,Barangay 819
1303901820,Barangay 820
1303901821,Barangay 821
1303901822,Barangay 822
1303901823,Barangay 823
1303901824,Barangay 824
1303901825,Barangay 825
1303901826,Barangay 826
1303901827,Barangay 827
1303901828,Barangay 828
1303901829,Barangay 829
1303901830,Barangay 830
1303901831,Barangay 831
1303901832,Barangay 832
1303901833,Barangay 833
1303901834,Barangay 834
1303901835,Barangay 835
1303901836,Barangay 836
1303901837,Barangay 837
1303901838,Barangay 838
1303901839,Barangay 839
1303901840,Barangay 840
1303901841,Barangay 841
1303901842,Barangay 842
1303901843,Barangay 843
1303901844,Barangay 844
1303901845,Barangay 845
1303901846,Barangay 846
1303901847,Barangay 847
1303901848,Barangay 848
1303901849,Barangay 849
1303901850,Barangay 850
1303901851,Barangay 851
1303901852,Barangay 852
1303901853,Barangay 853
1303901855,Barangay 855
1303901856,Barangay 856
1303901857,Barangay 857
1303901858,Barangay 858
1303901859,Barangay 859
1303901860,Barangay 860
1303901861,Barangay 861
1303901862,Barangay 862
1303901863,Barangay 863
1303901864,Barangay 864
1303901865,Barangay 865
1303901866,Barangay 866
1303901867,Barangay 867
1303901868,Barangay 868
1303901869,Barangay 869
1303901870,Barangay 870
1303901871,Barangay 871
1303901872,Barangay 872
1303901873,Barangay 873
1303901874,Barangay 874
1303901875,Barangay 875
1303901876,Barangay 876
1303901877,Barangay 877
1303901878,Barangay 878
1303901879,Barangay 879
1303901880,Barangay 880
1303901881,Barangay 881
1303901882,Barangay 882
1303901883,Barangay 883
1303901884,Barangay 884
1303901885,Barangay 885
1303901886,Barangay 886
1303901887,Barangay 887
1303901888,Barangay 888
1303901889,Barangay 889
1303901890,Barangay 890
1303901891,Barangay 891
1303901892,Barangay 892
1303901893,Barangay 893
1303901894,Barangay 894
1303901895,Barangay 895
1303901896,Barangay 896
1303901897,Barangay 897
1303901898,Barangay 898
1303901899,Barangay 899
1303901900,Barangay 900
1303901901,Barangay 901
1303901902,Barangay 902
1303901903,Barangay 903
1303901904,Barangay 904
1303901905,Barangay 905
1303901906,Manila North Cemetery
1303901907,"Tutuban Mall (Claimed by Five Barangays of Tondo, Manila)"
1303901918,Barangay 818-A
1303901922,Barangay 202-A
1303901959,Barangay 659-A
1303901960,Barangay 660-A
1303901963,Barangay 663-A
1303901964,Barangay 664-A
1303901987,Barangay 587-A
